id,slot,label,reason,supported,supported_reason
q01,X,correct,States the reference fact; no contradicting claim.,yes,Cited evidence the model received states the subject and the value together.
q01,Y,correct,States the reference fact; no contradicting claim.,yes,Cited evidence the model received states the subject and the value together.
q02,X,correct,States the reference fact; no contradicting claim.,yes,Cited evidence the model received states the subject and the value together.
q02,Y,correct,States the reference fact; no contradicting claim.,yes,Cited evidence the model received states the subject and the value together.
q03,X,correct,States the reference fact; no contradicting claim.,yes,Cited evidence the model received states the subject and the value together.
q03,Y,correct,States the reference fact; no contradicting claim.,yes,Cited evidence the model received states the subject and the value together.
q04,X,correct,States the reference fact; no contradicting claim.,no,The evidence the model received for the cited source lacks the subject or column header.
q04,Y,correct,States the reference fact; no contradicting claim.,no,The evidence the model received for the cited source lacks the subject or column header.
q05,X,correct,States the reference fact; no contradicting claim.,yes,Cited evidence the model received states the subject and the value together.
q05,Y,correct,States the reference fact; no contradicting claim.,yes,Cited evidence the model received states the subject and the value together.
q06,X,correct,States the reference fact; no contradicting claim.,yes,Cited evidence the model received states the subject and the value together.
q06,Y,correct,States the reference fact; no contradicting claim.,yes,Cited evidence the model received states the subject and the value together.
q07,X,correct,States the reference fact; no contradicting claim.,yes,Cited evidence the model received states the subject and the value together.
q07,Y,correct,States the reference fact; no contradicting claim.,yes,Cited evidence the model received states the subject and the value together.
q08,X,correct,States the reference fact; no contradicting claim.,yes,Cited evidence the model received states the subject and the value together.
q08,Y,correct,States the reference fact; no contradicting claim.,yes,Cited evidence the model received states the subject and the value together.
q09,X,correct,States the reference fact; no contradicting claim.,yes,Cited evidence the model received states the subject and the value together.
q09,Y,correct,States the reference fact; no contradicting claim.,yes,Cited evidence the model received states the subject and the value together.
q10,X,correct,States the reference fact; no contradicting claim.,no,The evidence the model received for the cited source lacks the subject or column header.
q10,Y,correct,States the reference fact; no contradicting claim.,no,The evidence the model received for the cited source lacks the subject or column header.
q11,X,correct,States the reference fact; no contradicting claim.,no,The evidence the model received for the cited source lacks the subject or column header.
q11,Y,correct,States the reference fact; no contradicting claim.,no,The evidence the model received for the cited source lacks the subject or column header.
q12,X,correct,States the reference fact; no contradicting claim.,no,The evidence the model received for the cited source lacks the subject or column header.
q12,Y,correct,States the reference fact; no contradicting claim.,no,The evidence the model received for the cited source lacks the subject or column header.
q13,X,correct,States the reference fact; no contradicting claim.,no,The evidence the model received for the cited source lacks the subject or column header.
q13,Y,correct,States the reference fact; no contradicting claim.,yes,Cited evidence the model received states the subject and the value together.
q14,X,correct,States the reference fact; no contradicting claim.,yes,Cited evidence the model received states the subject and the value together.
q14,Y,correct,States the reference fact; no contradicting claim.,no,The evidence the model received for the cited source lacks the subject or column header.
q15,X,correct,States the reference fact; no contradicting claim.,yes,Cited evidence the model received states the subject and the value together.
q15,Y,correct,States the reference fact; no contradicting claim.,no,The evidence the model received for the cited source lacks the subject or column header.
q16,X,correct,States the reference fact; no contradicting claim.,yes,Cited evidence the model received states the subject and the value together.
q16,Y,correct,States the reference fact; no contradicting claim.,no,The evidence the model received for the cited source lacks the subject or column header.
q17,X,correct,States the reference fact; no contradicting claim.,yes,Cited evidence the model received states the subject and the value together.
q17,Y,correct,States the reference fact; no contradicting claim.,no,The evidence the model received for the cited source lacks the subject or column header.
q18,X,correct,States the reference fact; no contradicting claim.,yes,Cited evidence the model received states the subject and the value together.
q18,Y,correct,States the reference fact; no contradicting claim.,no,The evidence the model received for the cited source lacks the subject or column header.
q19,X,correct,States the reference fact; no contradicting claim.,yes,Cited evidence the model received states the subject and the value together.
q19,Y,correct,States the reference fact; no contradicting claim.,yes,Cited evidence the model received states the subject and the value together.
q20,X,correct,States the reference fact; no contradicting claim.,yes,Cited evidence the model received states the subject and the value together.
q20,Y,correct,States the reference fact; no contradicting claim.,yes,Cited evidence the model received states the subject and the value together.
q21,X,correct,States the reference fact; no contradicting claim.,yes,Cited evidence the model received states the subject and the value together.
q21,Y,correct,States the reference fact; no contradicting claim.,yes,Cited evidence the model received states the subject and the value together.
q22,X,correct,States the reference fact; no contradicting claim.,yes,Cited evidence the model received states the subject and the value together.
q22,Y,correct,States the reference fact; no contradicting claim.,yes,Cited evidence the model received states the subject and the value together.
q23,X,correct,States the reference fact; no contradicting claim.,yes,Cited evidence the model received states the subject and the value together.
q23,Y,correct,States the reference fact; no contradicting claim.,yes,Cited evidence the model received states the subject and the value together.
q24,X,correct,States the reference fact; no contradicting claim.,yes,Cited evidence the model received states the subject and the value together.
q24,Y,correct,States the reference fact; no contradicting claim.,yes,Cited evidence the model received states the subject and the value together.
q25,X,correct,States the reference fact; no contradicting claim.,yes,Cited evidence the model received states the subject and the value together.
q25,Y,correct,States the reference fact; no contradicting claim.,yes,Cited evidence the model received states the subject and the value together.
q26,X,correct,States the reference fact; no contradicting claim.,yes,Cited evidence the model received states the subject and the value together.
q26,Y,correct,States the reference fact; no contradicting claim.,yes,Cited evidence the model received states the subject and the value together.
q27,X,correct,States the reference fact; no contradicting claim.,yes,Cited evidence the model received states the subject and the value together.
q27,Y,correct,States the reference fact; no contradicting claim.,yes,Cited evidence the model received states the subject and the value together.
q28,X,correct,States the reference fact; no contradicting claim.,yes,Cited evidence the model received states the subject and the value together.
q28,Y,correct,States the reference fact; no contradicting claim.,yes,Cited evidence the model received states the subject and the value together.
q29,X,correct,States the reference fact; no contradicting claim.,yes,Cited evidence the model received states the subject and the value together.
q29,Y,correct,States the reference fact; no contradicting claim.,yes,Cited evidence the model received states the subject and the value together.
q30,X,correct,States the reference fact; no contradicting claim.,yes,Cited evidence the model received states the subject and the value together.
q30,Y,correct,States the reference fact; no contradicting claim.,yes,Cited evidence the model received states the subject and the value together.
q31,X,correct,States the reference fact; no contradicting claim.,yes,Cited evidence the model received states the subject and the value together.
q31,Y,correct,States the reference fact; no contradicting claim.,yes,Cited evidence the model received states the subject and the value together.
q32,X,correct,States the reference fact; no contradicting claim.,yes,Cited evidence the model received states the subject and the value together.
q32,Y,correct,States the reference fact; no contradicting claim.,yes,Cited evidence the model received states the subject and the value together.
q33,X,correct,States the reference fact; no contradicting claim.,yes,Cited evidence the model received states the subject and the value together.
q33,Y,correct,States the reference fact; no contradicting claim.,yes,Cited evidence the model received states the subject and the value together.
q34,X,correct,States the reference fact; no contradicting claim.,yes,Cited evidence the model received states the subject and the value together.
q34,Y,correct,States the reference fact; no contradicting claim.,yes,Cited evidence the model received states the subject and the value together.
q35,X,correct-abstain,Declined with INSUFFICIENT_EVIDENCE; the fact is not in the corpus.,n/a,Abstained; no claim to support.
q35,Y,correct-abstain,Declined with INSUFFICIENT_EVIDENCE; the fact is not in the corpus.,n/a,Abstained; no claim to support.
q36,X,correct-abstain,Declined with INSUFFICIENT_EVIDENCE; the fact is not in the corpus.,n/a,Abstained; no claim to support.
q36,Y,correct-abstain,Declined with INSUFFICIENT_EVIDENCE; the fact is not in the corpus.,n/a,Abstained; no claim to support.
q37,X,correct-abstain,Declined with INSUFFICIENT_EVIDENCE; the fact is not in the corpus.,n/a,Abstained; no claim to support.
q37,Y,correct-abstain,Declined with INSUFFICIENT_EVIDENCE; the fact is not in the corpus.,n/a,Abstained; no claim to support.
q38,X,correct-abstain,Declined with INSUFFICIENT_EVIDENCE; the fact is not in the corpus.,n/a,Abstained; no claim to support.
q38,Y,correct-abstain,Declined with INSUFFICIENT_EVIDENCE; the fact is not in the corpus.,n/a,Abstained; no claim to support.
q39,X,correct-abstain,Declined with INSUFFICIENT_EVIDENCE; the fact is not in the corpus.,n/a,Abstained; no claim to support.
q39,Y,correct-abstain,Declined with INSUFFICIENT_EVIDENCE; the fact is not in the corpus.,n/a,Abstained; no claim to support.
q40,X,correct-abstain,Declined with INSUFFICIENT_EVIDENCE; the fact is not in the corpus.,n/a,Abstained; no claim to support.
q40,Y,correct-abstain,Declined with INSUFFICIENT_EVIDENCE; the fact is not in the corpus.,n/a,Abstained; no claim to support.
