id,category,v1_status,v1_evidence_rank,v1_evidence_rank_with_section,v1_fact_present,v1_label,v1_correct,v1_supported,v2_status,v2_evidence_rank,v2_evidence_rank_with_section,v2_fact_present,v2_label,v2_correct,v2_supported,evidence_pair,correct_pair
q01,C1,succeeded,1,1,True,correct,True,yes,succeeded,1,1,True,correct,True,yes,tie,tie
q02,C1,succeeded,,,True,correct,True,no,succeeded,1,1,True,correct,True,yes,win,tie
q03,C1,insufficient_evidence,1,1,False,wrong-abstain,False,n/a,succeeded,1,1,True,correct,True,yes,tie,win
q04,C1,succeeded,1,1,True,correct,True,yes,succeeded,,,True,correct,True,no,loss,tie
q05,C1,insufficient_evidence,1,1,False,wrong-abstain,False,n/a,succeeded,1,1,True,correct,True,yes,tie,win
q06,C1,succeeded,1,1,True,correct,True,yes,succeeded,1,1,True,correct,True,yes,tie,tie
q07,C2,succeeded,1,1,True,correct,True,yes,succeeded,1,1,True,correct,True,yes,tie,tie
q08,C2,insufficient_evidence,,,False,wrong-abstain,False,n/a,succeeded,1,1,True,correct,True,yes,win,win
q09,C2,insufficient_evidence,,,False,wrong-abstain,False,n/a,succeeded,1,1,True,correct,True,yes,win,win
q10,C2,succeeded,,,True,correct,True,no,succeeded,,,True,correct,True,no,tie,tie
q11,C2,succeeded,,,True,correct,True,no,succeeded,,,True,correct,True,no,tie,tie
q12,C2,succeeded,,,True,correct,True,no,succeeded,,,True,correct,True,no,tie,tie
q13,C3,succeeded,1,1,True,correct,True,yes,succeeded,,1,True,correct,True,no,loss,tie
q14,C3,succeeded,,,True,correct,True,no,succeeded,,1,True,correct,True,no,tie,tie
q15,C3,succeeded,1,1,True,correct,True,yes,succeeded,,1,True,correct,True,no,loss,tie
q16,C3,succeeded,,,True,correct,True,no,succeeded,,1,True,correct,True,no,tie,tie
q17,C3,succeeded,1,1,True,correct,True,yes,succeeded,,1,True,correct,True,no,loss,tie
q18,C3,succeeded,,,True,correct,True,no,succeeded,,1,True,correct,True,no,tie,tie
q19,C4,succeeded,1,1,True,correct,True,yes,succeeded,1,1,True,correct,True,yes,tie,tie
q20,C4,succeeded,1,1,True,correct,True,yes,succeeded,1,1,True,correct,True,yes,tie,tie
q21,C4,succeeded,1,1,True,correct,True,yes,succeeded,1,1,True,correct,True,yes,tie,tie
q22,C4,succeeded,1,1,True,correct,True,yes,succeeded,1,1,True,correct,True,yes,tie,tie
q23,C5,succeeded,1,1,True,correct,True,yes,succeeded,1,1,True,correct,True,yes,tie,tie
q24,C5,succeeded,1,1,True,correct,True,yes,succeeded,1,1,True,correct,True,yes,tie,tie
q25,C6,succeeded,,,True,correct,True,no,succeeded,2,2,True,correct,True,yes,win,tie
q26,C6,succeeded,,,True,correct,True,no,succeeded,2,2,True,correct,True,yes,win,tie
q27,C6,succeeded,1,1,True,correct,True,yes,succeeded,1,1,True,correct,True,yes,tie,tie
q28,C6,succeeded,1,1,True,correct,True,yes,succeeded,1,1,True,correct,True,yes,tie,tie
q29,K,succeeded,1,1,True,correct,True,yes,succeeded,1,1,True,correct,True,yes,tie,tie
q30,K,succeeded,1,1,True,correct,True,yes,succeeded,1,1,True,correct,True,yes,tie,tie
q31,K,succeeded,1,1,True,correct,True,yes,succeeded,1,1,True,correct,True,yes,tie,tie
q32,K,succeeded,1,1,True,correct,True,yes,succeeded,1,1,True,correct,True,yes,tie,tie
q33,K,succeeded,2,2,True,correct,True,yes,succeeded,2,2,True,correct,True,yes,tie,tie
q34,K,succeeded,1,1,True,correct,True,yes,succeeded,1,1,True,correct,True,yes,tie,tie
q35,U,insufficient_evidence,,,,correct-abstain,True,n/a,insufficient_evidence,,,,correct-abstain,True,n/a,n/a,tie
q36,U,insufficient_evidence,,,,correct-abstain,True,n/a,insufficient_evidence,,,,correct-abstain,True,n/a,n/a,tie
q37,U,insufficient_evidence,,,,correct-abstain,True,n/a,insufficient_evidence,,,,correct-abstain,True,n/a,n/a,tie
q38,U,insufficient_evidence,,,,correct-abstain,True,n/a,insufficient_evidence,,,,correct-abstain,True,n/a,n/a,tie
q39,U,insufficient_evidence,,,,correct-abstain,True,n/a,insufficient_evidence,,,,correct-abstain,True,n/a,n/a,tie
q40,U,insufficient_evidence,,,,correct-abstain,True,n/a,insufficient_evidence,,,,correct-abstain,True,n/a,n/a,tie
