ID,area,scenario,steps,expected result,actual result,status,severity,reproducibility,evidence path,notes
V2-001,Setup,Isolated QA project,"POST /api/projects ""Extract v2 QA 2026-10-07""; upload seven fixtures from backend/tests/extract_corpus.py and docs/qa/*2026-09-26.",QA data stays in its own project.,Project d02d5e14-a991-488e-b4af-d805921cfe72 created; seven uploads returned 201; the Chatbot project was not changed.,PASS,None,1/1,,Dev stack rebuilt from commit d3b3cb2 plus this slice before the check.
V2-002,Extract defaults (re-check of EX-002),New draft extractor version,Open a new ingestion draft; inspect the Extract node.,New drafts use layout-ocr-v2.,"Draft Extract card read ""Auto · OCR auto"" with no upgrade offer; unit test asserts config_version layout-ocr-v2.",PASS,None,1/1,frontend/tests/features/ingestion-pipelines/editorModel.test.ts,Slice 1 browser check at 1440 and 390 px.
V2-003,Upgrade,Saved layout-ocr-v1 node,Open a saved Website pipeline on layout-ocr-v1 that also has a file source; click Upgrade extraction; discard.,Explicit upgrade as an unsaved change; discard restores v1.,Callout and button shown; Save version enabled after upgrade; discard restored v1. For page-only pipelines the upgrade is hidden (Slice 7).,PASS,None,1/1,frontend/tests/features/ingestion-pipelines/IngestionNodeSettings.test.tsx,Nothing was saved to the owner's pipelines.
V2-004,Preview (re-check of EX-036),Real processing preview through API and worker,POST /ingestion-previews with an Existing files source of seven documents and a layout-ocr-v2 Extract node; poll; read items and representations.,Preview succeeds without embedding or publication cost.,"Preview d9816f54 succeeded in 12 s: 7 included, 6 pass, 1 quality fail; cost basis excluded embedding, generation and publication.",PASS,None,1/1,,qa-text.pdf is the fixture with a broken xref table; v1 rejects it the same way (see V2-010).
V2-005,Reading order,Two-column PDF,Inspect extracted blocks of two-column.pdf.,Left column then right column.,"Alpha, Bravo, Charlie, Delta, Echo, Foxtrot.",PASS,None,1/1,,v1 interleaves (80% of pairs in order).
V2-006,Headings,"Title, levels and section context",Inspect extracted blocks and chunks of headings.pdf.,"One title, four headings, body chunks prefixed with their section path, also across a page break.","1 title, 4 headings, 6 paragraphs; chunk prefixes ""Section: 1 Introduction"", ""Section: 1 Introduction > 1.1 Scope"" (also for the page-2 continuation), ""Section: 2 Methods"", ""Section: 3 Results"".",PASS,None,1/1,,The title forms its own short chunk because it is followed directly by a heading; recorded in the plan.
V2-007,Tables,40-row PDF table,Inspect blocks and chunks of large-table.pdf.,"All cells kept, no malformed finding, every chunk starts with the header.","1 table block, quality pass, 3 chunks each starting ""| Col1 | Col2 | Col3 |"".",PASS,None,1/1,,
V2-008,Tables,DOCX table,Inspect blocks and chunks of register.docx.,One header table instead of one block per row.,"1 heading and 1 table block; the chunk holds ""Register"" and the whole table with its header.",PASS,None,1/1,,
V2-009,OCR (re-check of EX-049 and EX-061),Raster-only and rotated scans,Inspect ocr-paragraph.pdf and scanned-rotated.pdf.,"Paragraph blocks, same OCR fallback, rotation and confidence as v1.","ocr-paragraph.pdf: one 4-line block. scanned-rotated.pdf: 13 paragraph blocks (v1: 21 line blocks); both pages OCR via native_text_below_20_characters, 90° on page 2, confidence 96.5 and 96.4 as in v1.",PASS,None,1/1,,
V2-010,Malformed PDF,Broken xref fixture,Extract docs/qa/extract-e2e-2026-09-26/fixtures/qa-text.pdf with v1 and v2.,Same safe failure for both versions.,"Both raise malformed_pdf (""PDF could not be parsed as a valid, unencrypted document.""); preview reports quality fail with no blocks.",PASS,None,1/1,,This is the original fixture; the September QA used a corrected PDF (EX-053) that is not in the repository.
V2-011,Source-aware panel,Page-only versus file sources,Open a Website pipeline and an Existing files draft; select Extract at 1440 and 390 px.,"Website: quality and language only; files: strategy, OCR and tables with their scope.","As expected; Website card reads ""Quality and language policies""; no horizontal overflow.",PASS,None,1/1,,Slice 7.
V2-012,Full run and retrieval (EX-038 and EX-059/060),Embedding and publication,Save the QA pipeline with layout-ocr-v2 and failed_item_action exclude (qa-text.pdf optional); start a run; query the published index through POST /retrieval.,Run publishes a ready index without the optional broken file; retrieval returns the matching chunk first.,"Run 13334e53 succeeded in 25 s: 6 items succeeded, qa-text.pdf excluded, index d5f9e8d6 published. Rank 1 for each query: lanterns -> scanned-rotated.pdf page 1 (OCR); R20 column C3 -> the large-table chunk with rows R15-R28 and its header; Item 3 owner -> register.docx table with header; Scope -> headings.pdf page-2 continuation of section 1.1.",PASS,None,1/1,,"Opt-in paid check run on owner request; embeddings through the configured OpenRouter model, no generation. The first attempt kept the Balanced default failed_item_action fail, so the optional broken file failed the run as designed (EX-062)."
V2-013,Corrected PDF checks (EX-053 to EX-058),Corrected two-page PDF,Not run.,,The corrected fixture from the September QA is not in the repository; tables and page provenance are covered by V2-006 to V2-009 and the corpus tests.,NOT RUN,None,0/0,,
V2-014,Run start,v2 extractor version fits the processing-run record,Start the first layout-ocr-v2 ingestion run on the dev stack.,Run is accepted (202).,Before the fix: 503 Database unavailable; the backend hid a StringDataRightTruncation on processing_runs.parser_version varchar(64) for the 65-character v2 extractor version. After migration 0045 (varchar(120)) the run started and succeeded.,PASS,High,1/1 after fix,backend/tests/test_existing_files_ingestion.py::test_layout_ocr_v2_run_records_its_full_extractor_version,"Introduced in Slice 1 and missed by extraction unit tests and previews, which do not write processing runs; the regression test fails with 503 without the migration."
